neurogolf_task_id,arc_gen_task_id,arc_dsl_task_id,arc_dsl_solver_script_path
task001,007bbfb7,007bbfb7,arc-dsl\solver_scripts\solve_007bbfb7.py
task002,00d62c1b,00d62c1b,arc-dsl\solver_scripts\solve_00d62c1b.py
task003,017c7c7b,017c7c7b,arc-dsl\solver_scripts\solve_017c7c7b.py
task004,025d127b,025d127b,arc-dsl\solver_scripts\solve_025d127b.py
task005,045e512c,045e512c,arc-dsl\solver_scripts\solve_045e512c.py
task006,0520fde7,0520fde7,arc-dsl\solver_scripts\solve_0520fde7.py
task007,05269061,05269061,arc-dsl\solver_scripts\solve_05269061.py
task008,05f2a901,05f2a901,arc-dsl\solver_scripts\solve_05f2a901.py
task009,06df4c85,06df4c85,arc-dsl\solver_scripts\solve_06df4c85.py
task010,08ed6ac7,08ed6ac7,arc-dsl\solver_scripts\solve_08ed6ac7.py
task011,09629e4f,09629e4f,arc-dsl\solver_scripts\solve_09629e4f.py
task012,0962bcdd,0962bcdd,arc-dsl\solver_scripts\solve_0962bcdd.py
task013,0a938d79,0a938d79,arc-dsl\solver_scripts\solve_0a938d79.py
task014,0b148d64,0b148d64,arc-dsl\solver_scripts\solve_0b148d64.py
task015,0ca9ddb6,0ca9ddb6,arc-dsl\solver_scripts\solve_0ca9ddb6.py
task016,0d3d703e,0d3d703e,arc-dsl\solver_scripts\solve_0d3d703e.py
task017,0dfd9992,0dfd9992,arc-dsl\solver_scripts\solve_0dfd9992.py
task018,0e206a2e,0e206a2e,arc-dsl\solver_scripts\solve_0e206a2e.py
task019,10fcaaa3,10fcaaa3,arc-dsl\solver_scripts\solve_10fcaaa3.py
task020,11852cab,11852cab,arc-dsl\solver_scripts\solve_11852cab.py
task021,1190e5a7,1190e5a7,arc-dsl\solver_scripts\solve_1190e5a7.py
task022,137eaa0f,137eaa0f,arc-dsl\solver_scripts\solve_137eaa0f.py
task023,150deff5,150deff5,arc-dsl\solver_scripts\solve_150deff5.py
task024,178fcbfb,178fcbfb,arc-dsl\solver_scripts\solve_178fcbfb.py
task025,1a07d186,1a07d186,arc-dsl\solver_scripts\solve_1a07d186.py
task026,1b2d62fb,1b2d62fb,arc-dsl\solver_scripts\solve_1b2d62fb.py
task027,1b60fb0c,1b60fb0c,arc-dsl\solver_scripts\solve_1b60fb0c.py
task028,1bfc4729,1bfc4729,arc-dsl\solver_scripts\solve_1bfc4729.py
task029,1c786137,1c786137,arc-dsl\solver_scripts\solve_1c786137.py
task030,1caeab9d,1caeab9d,arc-dsl\solver_scripts\solve_1caeab9d.py
task031,1cf80156,1cf80156,arc-dsl\solver_scripts\solve_1cf80156.py
task032,1e0a9b12,1e0a9b12,arc-dsl\solver_scripts\solve_1e0a9b12.py
task033,1e32b0e9,1e32b0e9,arc-dsl\solver_scripts\solve_1e32b0e9.py
task034,1f0c79e5,1f0c79e5,arc-dsl\solver_scripts\solve_1f0c79e5.py
task035,1f642eb9,1f642eb9,arc-dsl\solver_scripts\solve_1f642eb9.py
task036,1f85a75f,1f85a75f,arc-dsl\solver_scripts\solve_1f85a75f.py
task037,1f876c06,1f876c06,arc-dsl\solver_scripts\solve_1f876c06.py
task038,1fad071e,1fad071e,arc-dsl\solver_scripts\solve_1fad071e.py
task039,2013d3e2,2013d3e2,arc-dsl\solver_scripts\solve_2013d3e2.py
task040,2204b7a8,2204b7a8,arc-dsl\solver_scripts\solve_2204b7a8.py
task041,22168020,22168020,arc-dsl\solver_scripts\solve_22168020.py
task042,22233c11,22233c11,arc-dsl\solver_scripts\solve_22233c11.py
task043,2281f1f4,2281f1f4,arc-dsl\solver_scripts\solve_2281f1f4.py
task044,228f6490,228f6490,arc-dsl\solver_scripts\solve_228f6490.py
task045,22eb0ac0,22eb0ac0,arc-dsl\solver_scripts\solve_22eb0ac0.py
task046,234bbc79,234bbc79,arc-dsl\solver_scripts\solve_234bbc79.py
task047,23581191,23581191,arc-dsl\solver_scripts\solve_23581191.py
task048,239be575,239be575,arc-dsl\solver_scripts\solve_239be575.py
task049,23b5c85d,23b5c85d,arc-dsl\solver_scripts\solve_23b5c85d.py
task050,253bf280,253bf280,arc-dsl\solver_scripts\solve_253bf280.py
task051,25d487eb,25d487eb,arc-dsl\solver_scripts\solve_25d487eb.py
task052,25d8a9c8,25d8a9c8,arc-dsl\solver_scripts\solve_25d8a9c8.py
task053,25ff71a9,25ff71a9,arc-dsl\solver_scripts\solve_25ff71a9.py
task054,264363fd,264363fd,arc-dsl\solver_scripts\solve_264363fd.py
task055,272f95fa,272f95fa,arc-dsl\solver_scripts\solve_272f95fa.py
task056,27a28665,27a28665,arc-dsl\solver_scripts\solve_27a28665.py
task057,28bf18c6,28bf18c6,arc-dsl\solver_scripts\solve_28bf18c6.py
task058,28e73c20,28e73c20,arc-dsl\solver_scripts\solve_28e73c20.py
task059,29623171,29623171,arc-dsl\solver_scripts\solve_29623171.py
task060,29c11459,29c11459,arc-dsl\solver_scripts\solve_29c11459.py
task061,29ec7d0e,29ec7d0e,arc-dsl\solver_scripts\solve_29ec7d0e.py
task062,2bcee788,2bcee788,arc-dsl\solver_scripts\solve_2bcee788.py
task063,2bee17df,2bee17df,arc-dsl\solver_scripts\solve_2bee17df.py
task064,2c608aff,2c608aff,arc-dsl\solver_scripts\solve_2c608aff.py
task065,2dc579da,2dc579da,arc-dsl\solver_scripts\solve_2dc579da.py
task066,2dd70a9a,2dd70a9a,arc-dsl\solver_scripts\solve_2dd70a9a.py
task067,2dee498d,2dee498d,arc-dsl\solver_scripts\solve_2dee498d.py
task068,31aa019c,31aa019c,arc-dsl\solver_scripts\solve_31aa019c.py
task069,321b1fc6,321b1fc6,arc-dsl\solver_scripts\solve_321b1fc6.py
task070,32597951,32597951,arc-dsl\solver_scripts\solve_32597951.py
task071,3345333e,3345333e,arc-dsl\solver_scripts\solve_3345333e.py
task072,3428a4f5,3428a4f5,arc-dsl\solver_scripts\solve_3428a4f5.py
task073,3618c87e,3618c87e,arc-dsl\solver_scripts\solve_3618c87e.py
task074,3631a71a,3631a71a,arc-dsl\solver_scripts\solve_3631a71a.py
task075,363442ee,363442ee,arc-dsl\solver_scripts\solve_363442ee.py
task076,36d67576,36d67576,arc-dsl\solver_scripts\solve_36d67576.py
task077,36fdfd69,36fdfd69,arc-dsl\solver_scripts\solve_36fdfd69.py
task078,3906de3d,3906de3d,arc-dsl\solver_scripts\solve_3906de3d.py
task079,39a8645d,39a8645d,arc-dsl\solver_scripts\solve_39a8645d.py
task080,39e1d7f9,39e1d7f9,arc-dsl\solver_scripts\solve_39e1d7f9.py
task081,3aa6fb7a,3aa6fb7a,arc-dsl\solver_scripts\solve_3aa6fb7a.py
task082,3ac3eb23,3ac3eb23,arc-dsl\solver_scripts\solve_3ac3eb23.py
task083,3af2c5a8,3af2c5a8,arc-dsl\solver_scripts\solve_3af2c5a8.py
task084,3bd67248,3bd67248,arc-dsl\solver_scripts\solve_3bd67248.py
task085,3bdb4ada,3bdb4ada,arc-dsl\solver_scripts\solve_3bdb4ada.py
task086,3befdf3e,3befdf3e,arc-dsl\solver_scripts\solve_3befdf3e.py
task087,3c9b0459,3c9b0459,arc-dsl\solver_scripts\solve_3c9b0459.py
task088,3de23699,3de23699,arc-dsl\solver_scripts\solve_3de23699.py
task089,3e980e27,3e980e27,arc-dsl\solver_scripts\solve_3e980e27.py
task090,3eda0437,3eda0437,arc-dsl\solver_scripts\solve_3eda0437.py
task091,3f7978a0,3f7978a0,arc-dsl\solver_scripts\solve_3f7978a0.py
task092,40853293,40853293,arc-dsl\solver_scripts\solve_40853293.py
task093,4093f84a,4093f84a,arc-dsl\solver_scripts\solve_4093f84a.py
task094,41e4d17e,41e4d17e,arc-dsl\solver_scripts\solve_41e4d17e.py
task095,4258a5f9,4258a5f9,arc-dsl\solver_scripts\solve_4258a5f9.py
task096,4290ef0e,4290ef0e,arc-dsl\solver_scripts\solve_4290ef0e.py
task097,42a50994,42a50994,arc-dsl\solver_scripts\solve_42a50994.py
task098,4347f46a,4347f46a,arc-dsl\solver_scripts\solve_4347f46a.py
task099,444801d8,444801d8,arc-dsl\solver_scripts\solve_444801d8.py
task100,445eab21,445eab21,arc-dsl\solver_scripts\solve_445eab21.py
task101,447fd412,447fd412,arc-dsl\solver_scripts\solve_447fd412.py
task102,44d8ac46,44d8ac46,arc-dsl\solver_scripts\solve_44d8ac46.py
task103,44f52bb0,44f52bb0,arc-dsl\solver_scripts\solve_44f52bb0.py
task104,4522001f,4522001f,arc-dsl\solver_scripts\solve_4522001f.py
task105,4612dd53,4612dd53,arc-dsl\solver_scripts\solve_4612dd53.py
task106,46442a0e,46442a0e,arc-dsl\solver_scripts\solve_46442a0e.py
task107,469497ad,469497ad,arc-dsl\solver_scripts\solve_469497ad.py
task108,46f33fce,46f33fce,arc-dsl\solver_scripts\solve_46f33fce.py
task109,47c1f68c,47c1f68c,arc-dsl\solver_scripts\solve_47c1f68c.py
task110,484b58aa,484b58aa,arc-dsl\solver_scripts\solve_484b58aa.py
task111,48d8fb45,48d8fb45,arc-dsl\solver_scripts\solve_48d8fb45.py
task112,4938f0c2,4938f0c2,arc-dsl\solver_scripts\solve_4938f0c2.py
task113,496994bd,496994bd,arc-dsl\solver_scripts\solve_496994bd.py
task114,49d1d64f,49d1d64f,arc-dsl\solver_scripts\solve_49d1d64f.py
task115,4be741c5,4be741c5,arc-dsl\solver_scripts\solve_4be741c5.py
task116,4c4377d9,4c4377d9,arc-dsl\solver_scripts\solve_4c4377d9.py
task117,4c5c2cf0,4c5c2cf0,arc-dsl\solver_scripts\solve_4c5c2cf0.py
task118,50846271,50846271,arc-dsl\solver_scripts\solve_50846271.py
task119,508bd3b6,508bd3b6,arc-dsl\solver_scripts\solve_508bd3b6.py
task120,50cb2852,50cb2852,arc-dsl\solver_scripts\solve_50cb2852.py
task121,5117e062,5117e062,arc-dsl\solver_scripts\solve_5117e062.py
task122,5168d44c,5168d44c,arc-dsl\solver_scripts\solve_5168d44c.py
task123,539a4f51,539a4f51,arc-dsl\solver_scripts\solve_539a4f51.py
task124,53b68214,53b68214,arc-dsl\solver_scripts\solve_53b68214.py
task125,543a7ed5,543a7ed5,arc-dsl\solver_scripts\solve_543a7ed5.py
task126,54d82841,54d82841,arc-dsl\solver_scripts\solve_54d82841.py
task127,54d9e175,54d9e175,arc-dsl\solver_scripts\solve_54d9e175.py
task128,5521c0d9,5521c0d9,arc-dsl\solver_scripts\solve_5521c0d9.py
task129,5582e5ca,5582e5ca,arc-dsl\solver_scripts\solve_5582e5ca.py
task130,5614dbcf,5614dbcf,arc-dsl\solver_scripts\solve_5614dbcf.py
task131,56dc2b01,56dc2b01,arc-dsl\solver_scripts\solve_56dc2b01.py
task132,56ff96f3,56ff96f3,arc-dsl\solver_scripts\solve_56ff96f3.py
task133,57aa92db,57aa92db,arc-dsl\solver_scripts\solve_57aa92db.py
task134,5ad4f10b,5ad4f10b,arc-dsl\solver_scripts\solve_5ad4f10b.py
task135,5bd6f4ac,5bd6f4ac,arc-dsl\solver_scripts\solve_5bd6f4ac.py
task136,5c0a986e,5c0a986e,arc-dsl\solver_scripts\solve_5c0a986e.py
task137,5c2c9af4,5c2c9af4,arc-dsl\solver_scripts\solve_5c2c9af4.py
task138,5daaa586,5daaa586,arc-dsl\solver_scripts\solve_5daaa586.py
task139,60b61512,60b61512,arc-dsl\solver_scripts\solve_60b61512.py
task140,6150a2bd,6150a2bd,arc-dsl\solver_scripts\solve_6150a2bd.py
task141,623ea044,623ea044,arc-dsl\solver_scripts\solve_623ea044.py
task142,62c24649,62c24649,arc-dsl\solver_scripts\solve_62c24649.py
task143,63613498,63613498,arc-dsl\solver_scripts\solve_63613498.py
task144,6430c8c4,6430c8c4,arc-dsl\solver_scripts\solve_6430c8c4.py
task145,6455b5f5,6455b5f5,arc-dsl\solver_scripts\solve_6455b5f5.py
task146,662c240a,662c240a,arc-dsl\solver_scripts\solve_662c240a.py
task147,67385a82,67385a82,arc-dsl\solver_scripts\solve_67385a82.py
task148,673ef223,673ef223,arc-dsl\solver_scripts\solve_673ef223.py
task149,6773b310,6773b310,arc-dsl\solver_scripts\solve_6773b310.py
task150,67a3c6ac,67a3c6ac,arc-dsl\solver_scripts\solve_67a3c6ac.py
task151,67a423a3,67a423a3,arc-dsl\solver_scripts\solve_67a423a3.py
task152,67e8384a,67e8384a,arc-dsl\solver_scripts\solve_67e8384a.py
task153,681b3aeb,681b3aeb,arc-dsl\solver_scripts\solve_681b3aeb.py
task154,6855a6e4,6855a6e4,arc-dsl\solver_scripts\solve_6855a6e4.py
task155,68b16354,68b16354,arc-dsl\solver_scripts\solve_68b16354.py
task156,694f12f3,694f12f3,arc-dsl\solver_scripts\solve_694f12f3.py
task157,6a1e5592,6a1e5592,arc-dsl\solver_scripts\solve_6a1e5592.py
task158,6aa20dc0,6aa20dc0,arc-dsl\solver_scripts\solve_6aa20dc0.py
task159,6b9890af,6b9890af,arc-dsl\solver_scripts\solve_6b9890af.py
task160,6c434453,6c434453,arc-dsl\solver_scripts\solve_6c434453.py
task161,6cdd2623,6cdd2623,arc-dsl\solver_scripts\solve_6cdd2623.py
task162,6cf79266,6cf79266,arc-dsl\solver_scripts\solve_6cf79266.py
task163,6d0160f0,6d0160f0,arc-dsl\solver_scripts\solve_6d0160f0.py
task164,6d0aefbc,6d0aefbc,arc-dsl\solver_scripts\solve_6d0aefbc.py
task165,6d58a25d,6d58a25d,arc-dsl\solver_scripts\solve_6d58a25d.py
task166,6d75e8bb,6d75e8bb,arc-dsl\solver_scripts\solve_6d75e8bb.py
task167,6e02f1e3,6e02f1e3,arc-dsl\solver_scripts\solve_6e02f1e3.py
task168,6e19193c,6e19193c,arc-dsl\solver_scripts\solve_6e19193c.py
task169,6e82a1ae,6e82a1ae,arc-dsl\solver_scripts\solve_6e82a1ae.py
task170,6ecd11f4,6ecd11f4,arc-dsl\solver_scripts\solve_6ecd11f4.py
task171,6f8cd79b,6f8cd79b,arc-dsl\solver_scripts\solve_6f8cd79b.py
task172,6fa7a44f,6fa7a44f,arc-dsl\solver_scripts\solve_6fa7a44f.py
task173,72322fa7,72322fa7,arc-dsl\solver_scripts\solve_72322fa7.py
task174,72ca375d,72ca375d,arc-dsl\solver_scripts\solve_72ca375d.py
task175,73251a56,73251a56,arc-dsl\solver_scripts\solve_73251a56.py
task176,7447852a,7447852a,arc-dsl\solver_scripts\solve_7447852a.py
task177,7468f01a,7468f01a,arc-dsl\solver_scripts\solve_7468f01a.py
task178,746b3537,746b3537,arc-dsl\solver_scripts\solve_746b3537.py
task179,74dd1130,74dd1130,arc-dsl\solver_scripts\solve_74dd1130.py
task180,75b8110e,75b8110e,arc-dsl\solver_scripts\solve_75b8110e.py
task181,760b3cac,760b3cac,arc-dsl\solver_scripts\solve_760b3cac.py
task182,776ffc46,776ffc46,arc-dsl\solver_scripts\solve_776ffc46.py
task183,77fdfe62,77fdfe62,arc-dsl\solver_scripts\solve_77fdfe62.py
task184,780d0b14,780d0b14,arc-dsl\solver_scripts\solve_780d0b14.py
task185,7837ac64,7837ac64,arc-dsl\solver_scripts\solve_7837ac64.py
task186,794b24be,794b24be,arc-dsl\solver_scripts\solve_794b24be.py
task187,7b6016b9,7b6016b9,arc-dsl\solver_scripts\solve_7b6016b9.py
task188,7b7f7511,7b7f7511,arc-dsl\solver_scripts\solve_7b7f7511.py
task189,7c008303,7c008303,arc-dsl\solver_scripts\solve_7c008303.py
task190,7ddcd7ec,7ddcd7ec,arc-dsl\solver_scripts\solve_7ddcd7ec.py
task191,7df24a62,7df24a62,arc-dsl\solver_scripts\solve_7df24a62.py
task192,7e0986d6,7e0986d6,arc-dsl\solver_scripts\solve_7e0986d6.py
task193,7f4411dc,7f4411dc,arc-dsl\solver_scripts\solve_7f4411dc.py
task194,7fe24cdd,7fe24cdd,arc-dsl\solver_scripts\solve_7fe24cdd.py
task195,80af3007,80af3007,arc-dsl\solver_scripts\solve_80af3007.py
task196,810b9b61,810b9b61,arc-dsl\solver_scripts\solve_810b9b61.py
task197,82819916,82819916,arc-dsl\solver_scripts\solve_82819916.py
task198,83302e8f,83302e8f,arc-dsl\solver_scripts\solve_83302e8f.py
task199,834ec97d,834ec97d,arc-dsl\solver_scripts\solve_834ec97d.py
task200,8403a5d5,8403a5d5,arc-dsl\solver_scripts\solve_8403a5d5.py
task201,846bdb03,846bdb03,arc-dsl\solver_scripts\solve_846bdb03.py
task202,855e0971,855e0971,arc-dsl\solver_scripts\solve_855e0971.py
task203,85c4e7cd,85c4e7cd,arc-dsl\solver_scripts\solve_85c4e7cd.py
task204,868de0fa,868de0fa,arc-dsl\solver_scripts\solve_868de0fa.py
task205,8731374e,8731374e,arc-dsl\solver_scripts\solve_8731374e.py
task206,88a10436,88a10436,arc-dsl\solver_scripts\solve_88a10436.py
task207,88a62173,88a62173,arc-dsl\solver_scripts\solve_88a62173.py
task208,890034e9,890034e9,arc-dsl\solver_scripts\solve_890034e9.py
task209,8a004b2b,8a004b2b,arc-dsl\solver_scripts\solve_8a004b2b.py
task210,8be77c9e,8be77c9e,arc-dsl\solver_scripts\solve_8be77c9e.py
task211,8d5021e8,8d5021e8,arc-dsl\solver_scripts\solve_8d5021e8.py
task212,8d510a79,8d510a79,arc-dsl\solver_scripts\solve_8d510a79.py
task213,8e1813be,8e1813be,arc-dsl\solver_scripts\solve_8e1813be.py
task214,8e5a5113,8e5a5113,arc-dsl\solver_scripts\solve_8e5a5113.py
task215,8eb1be9a,8eb1be9a,arc-dsl\solver_scripts\solve_8eb1be9a.py
task216,8efcae92,8efcae92,arc-dsl\solver_scripts\solve_8efcae92.py
task217,8f2ea7aa,8f2ea7aa,arc-dsl\solver_scripts\solve_8f2ea7aa.py
task218,90c28cc7,90c28cc7,arc-dsl\solver_scripts\solve_90c28cc7.py
task219,90f3ed37,90f3ed37,arc-dsl\solver_scripts\solve_90f3ed37.py
task220,913fb3ed,913fb3ed,arc-dsl\solver_scripts\solve_913fb3ed.py
task221,91413438,91413438,arc-dsl\solver_scripts\solve_91413438.py
task222,91714a58,91714a58,arc-dsl\solver_scripts\solve_91714a58.py
task223,9172f3a0,9172f3a0,arc-dsl\solver_scripts\solve_9172f3a0.py
task224,928ad970,928ad970,arc-dsl\solver_scripts\solve_928ad970.py
task225,93b581b8,93b581b8,arc-dsl\solver_scripts\solve_93b581b8.py
task226,941d9a10,941d9a10,arc-dsl\solver_scripts\solve_941d9a10.py
task227,94f9d214,94f9d214,arc-dsl\solver_scripts\solve_94f9d214.py
task228,952a094c,952a094c,arc-dsl\solver_scripts\solve_952a094c.py
task229,9565186b,9565186b,arc-dsl\solver_scripts\solve_9565186b.py
task230,95990924,95990924,arc-dsl\solver_scripts\solve_95990924.py
task231,963e52fc,963e52fc,arc-dsl\solver_scripts\solve_963e52fc.py
task232,97999447,97999447,arc-dsl\solver_scripts\solve_97999447.py
task233,97a05b5b,97a05b5b,arc-dsl\solver_scripts\solve_97a05b5b.py
task234,98cf29f8,98cf29f8,arc-dsl\solver_scripts\solve_98cf29f8.py
task235,995c5fa3,995c5fa3,arc-dsl\solver_scripts\solve_995c5fa3.py
task236,99b1bc43,99b1bc43,arc-dsl\solver_scripts\solve_99b1bc43.py
task237,99fa7670,99fa7670,arc-dsl\solver_scripts\solve_99fa7670.py
task238,9aec4887,9aec4887,arc-dsl\solver_scripts\solve_9aec4887.py
task239,9af7a82c,9af7a82c,arc-dsl\solver_scripts\solve_9af7a82c.py
task240,9d9215db,9d9215db,arc-dsl\solver_scripts\solve_9d9215db.py
task241,9dfd6313,9dfd6313,arc-dsl\solver_scripts\solve_9dfd6313.py
task242,9ecd008a,9ecd008a,arc-dsl\solver_scripts\solve_9ecd008a.py
task243,9edfc990,9edfc990,arc-dsl\solver_scripts\solve_9edfc990.py
task244,9f236235,9f236235,arc-dsl\solver_scripts\solve_9f236235.py
task245,a1570a43,a1570a43,arc-dsl\solver_scripts\solve_a1570a43.py
task246,a2fd1cf0,a2fd1cf0,arc-dsl\solver_scripts\solve_a2fd1cf0.py
task247,a3325580,a3325580,arc-dsl\solver_scripts\solve_a3325580.py
task248,a3df8b1e,a3df8b1e,arc-dsl\solver_scripts\solve_a3df8b1e.py
task249,a416b8f3,a416b8f3,arc-dsl\solver_scripts\solve_a416b8f3.py
task250,a48eeaf7,a48eeaf7,arc-dsl\solver_scripts\solve_a48eeaf7.py
task251,a5313dff,a5313dff,arc-dsl\solver_scripts\solve_a5313dff.py
task252,a5f85a15,a5f85a15,arc-dsl\solver_scripts\solve_a5f85a15.py
task253,a61ba2ce,a61ba2ce,arc-dsl\solver_scripts\solve_a61ba2ce.py
task254,a61f2674,a61f2674,arc-dsl\solver_scripts\solve_a61f2674.py
task255,a64e4611,a64e4611,arc-dsl\solver_scripts\solve_a64e4611.py
task256,a65b410d,a65b410d,arc-dsl\solver_scripts\solve_a65b410d.py
task257,a68b268e,a68b268e,arc-dsl\solver_scripts\solve_a68b268e.py
task258,a699fb00,a699fb00,arc-dsl\solver_scripts\solve_a699fb00.py
task259,a740d043,a740d043,arc-dsl\solver_scripts\solve_a740d043.py
task260,a78176bb,a78176bb,arc-dsl\solver_scripts\solve_a78176bb.py
task261,a79310a0,a79310a0,arc-dsl\solver_scripts\solve_a79310a0.py
task262,a85d4709,a85d4709,arc-dsl\solver_scripts\solve_a85d4709.py
task263,a87f7484,a87f7484,arc-dsl\solver_scripts\solve_a87f7484.py
task264,a8c38be5,a8c38be5,arc-dsl\solver_scripts\solve_a8c38be5.py
task265,a8d7556c,a8d7556c,arc-dsl\solver_scripts\solve_a8d7556c.py
task266,a9f96cdd,a9f96cdd,arc-dsl\solver_scripts\solve_a9f96cdd.py
task267,aabf363d,aabf363d,arc-dsl\solver_scripts\solve_aabf363d.py
task268,aba27056,aba27056,arc-dsl\solver_scripts\solve_aba27056.py
task269,ac0a08a4,ac0a08a4,arc-dsl\solver_scripts\solve_ac0a08a4.py
task270,ae3edfdc,ae3edfdc,arc-dsl\solver_scripts\solve_ae3edfdc.py
task271,ae4f1146,ae4f1146,arc-dsl\solver_scripts\solve_ae4f1146.py
task272,aedd82e4,aedd82e4,arc-dsl\solver_scripts\solve_aedd82e4.py
task273,af902bf9,af902bf9,arc-dsl\solver_scripts\solve_af902bf9.py
task274,b0c4d837,b0c4d837,arc-dsl\solver_scripts\solve_b0c4d837.py
task275,b190f7f5,b190f7f5,arc-dsl\solver_scripts\solve_b190f7f5.py
task276,b1948b0a,b1948b0a,arc-dsl\solver_scripts\solve_b1948b0a.py
task277,b230c067,b230c067,arc-dsl\solver_scripts\solve_b230c067.py
task278,b27ca6d3,b27ca6d3,arc-dsl\solver_scripts\solve_b27ca6d3.py
task279,b2862040,b2862040,arc-dsl\solver_scripts\solve_b2862040.py
task280,b527c5c6,b527c5c6,arc-dsl\solver_scripts\solve_b527c5c6.py
task281,b548a754,b548a754,arc-dsl\solver_scripts\solve_b548a754.py
task282,b60334d2,b60334d2,arc-dsl\solver_scripts\solve_b60334d2.py
task283,b6afb2da,b6afb2da,arc-dsl\solver_scripts\solve_b6afb2da.py
task284,b7249182,b7249182,arc-dsl\solver_scripts\solve_b7249182.py
task285,b775ac94,b775ac94,arc-dsl\solver_scripts\solve_b775ac94.py
task286,b782dc8a,b782dc8a,arc-dsl\solver_scripts\solve_b782dc8a.py
task287,b8825c91,b8825c91,arc-dsl\solver_scripts\solve_b8825c91.py
task288,b8cdaf2b,b8cdaf2b,arc-dsl\solver_scripts\solve_b8cdaf2b.py
task289,b91ae062,b91ae062,arc-dsl\solver_scripts\solve_b91ae062.py
task290,b94a9452,b94a9452,arc-dsl\solver_scripts\solve_b94a9452.py
task291,b9b7f026,b9b7f026,arc-dsl\solver_scripts\solve_b9b7f026.py
task292,ba26e723,ba26e723,arc-dsl\solver_scripts\solve_ba26e723.py
task293,ba97ae07,ba97ae07,arc-dsl\solver_scripts\solve_ba97ae07.py
task294,bb43febb,bb43febb,arc-dsl\solver_scripts\solve_bb43febb.py
task295,bbc9ae5d,bbc9ae5d,arc-dsl\solver_scripts\solve_bbc9ae5d.py
task296,bc1d5164,bc1d5164,arc-dsl\solver_scripts\solve_bc1d5164.py
task297,bd4472b8,bd4472b8,arc-dsl\solver_scripts\solve_bd4472b8.py
task298,bda2d7a6,bda2d7a6,arc-dsl\solver_scripts\solve_bda2d7a6.py
task299,bdad9b1f,bdad9b1f,arc-dsl\solver_scripts\solve_bdad9b1f.py
task300,be94b721,be94b721,arc-dsl\solver_scripts\solve_be94b721.py
task301,beb8660c,beb8660c,arc-dsl\solver_scripts\solve_beb8660c.py
task302,c0f76784,c0f76784,arc-dsl\solver_scripts\solve_c0f76784.py
task303,c1d99e64,c1d99e64,arc-dsl\solver_scripts\solve_c1d99e64.py
task304,c3e719e8,c3e719e8,arc-dsl\solver_scripts\solve_c3e719e8.py
task305,c3f564a4,c3f564a4,arc-dsl\solver_scripts\solve_c3f564a4.py
task306,c444b776,c444b776,arc-dsl\solver_scripts\solve_c444b776.py
task307,c59eb873,c59eb873,arc-dsl\solver_scripts\solve_c59eb873.py
task308,c8cbb738,c8cbb738,arc-dsl\solver_scripts\solve_c8cbb738.py
task309,c8f0f002,c8f0f002,arc-dsl\solver_scripts\solve_c8f0f002.py
task310,c909285e,c909285e,arc-dsl\solver_scripts\solve_c909285e.py
task311,c9e6f938,c9e6f938,arc-dsl\solver_scripts\solve_c9e6f938.py
task312,c9f8e694,c9f8e694,arc-dsl\solver_scripts\solve_c9f8e694.py
task313,caa06a1f,caa06a1f,arc-dsl\solver_scripts\solve_caa06a1f.py
task314,cbded52d,cbded52d,arc-dsl\solver_scripts\solve_cbded52d.py
task315,cce03e0d,cce03e0d,arc-dsl\solver_scripts\solve_cce03e0d.py
task316,cdecee7f,cdecee7f,arc-dsl\solver_scripts\solve_cdecee7f.py
task317,ce22a75a,ce22a75a,arc-dsl\solver_scripts\solve_ce22a75a.py
task318,ce4f8723,ce4f8723,arc-dsl\solver_scripts\solve_ce4f8723.py
task319,ce602527,ce602527,arc-dsl\solver_scripts\solve_ce602527.py
task320,ce9e57f2,ce9e57f2,arc-dsl\solver_scripts\solve_ce9e57f2.py
task321,cf98881b,cf98881b,arc-dsl\solver_scripts\solve_cf98881b.py
task322,d037b0a7,d037b0a7,arc-dsl\solver_scripts\solve_d037b0a7.py
task323,d06dbe63,d06dbe63,arc-dsl\solver_scripts\solve_d06dbe63.py
task324,d07ae81c,d07ae81c,arc-dsl\solver_scripts\solve_d07ae81c.py
task325,d0f5fe59,d0f5fe59,arc-dsl\solver_scripts\solve_d0f5fe59.py
task326,d10ecb37,d10ecb37,arc-dsl\solver_scripts\solve_d10ecb37.py
task327,d13f3404,d13f3404,arc-dsl\solver_scripts\solve_d13f3404.py
task328,d22278a0,d22278a0,arc-dsl\solver_scripts\solve_d22278a0.py
task329,d23f8c26,d23f8c26,arc-dsl\solver_scripts\solve_d23f8c26.py
task330,d2abd087,d2abd087,arc-dsl\solver_scripts\solve_d2abd087.py
task331,d364b489,d364b489,arc-dsl\solver_scripts\solve_d364b489.py
task332,d406998b,d406998b,arc-dsl\solver_scripts\solve_d406998b.py
task333,d43fd935,d43fd935,arc-dsl\solver_scripts\solve_d43fd935.py
task334,d4469b4b,d4469b4b,arc-dsl\solver_scripts\solve_d4469b4b.py
task335,d4a91cb9,d4a91cb9,arc-dsl\solver_scripts\solve_d4a91cb9.py
task336,d4f3cd78,d4f3cd78,arc-dsl\solver_scripts\solve_d4f3cd78.py
task337,d511f180,d511f180,arc-dsl\solver_scripts\solve_d511f180.py
task338,d5d6de2d,d5d6de2d,arc-dsl\solver_scripts\solve_d5d6de2d.py
task339,d631b094,d631b094,arc-dsl\solver_scripts\solve_d631b094.py
task340,d687bc17,d687bc17,arc-dsl\solver_scripts\solve_d687bc17.py
task341,d6ad076f,d6ad076f,arc-dsl\solver_scripts\solve_d6ad076f.py
task342,d89b689b,d89b689b,arc-dsl\solver_scripts\solve_d89b689b.py
task343,d8c310e9,d8c310e9,arc-dsl\solver_scripts\solve_d8c310e9.py
task344,d90796e8,d90796e8,arc-dsl\solver_scripts\solve_d90796e8.py
task345,d9f24cd1,d9f24cd1,arc-dsl\solver_scripts\solve_d9f24cd1.py
task346,d9fac9be,d9fac9be,arc-dsl\solver_scripts\solve_d9fac9be.py
task347,dae9d2b5,dae9d2b5,arc-dsl\solver_scripts\solve_dae9d2b5.py
task348,db3e9e38,db3e9e38,arc-dsl\solver_scripts\solve_db3e9e38.py
task349,db93a21d,db93a21d,arc-dsl\solver_scripts\solve_db93a21d.py
task350,dbc1a6ce,dbc1a6ce,arc-dsl\solver_scripts\solve_dbc1a6ce.py
task351,dc0a314f,dc0a314f,arc-dsl\solver_scripts\solve_dc0a314f.py
task352,dc1df850,dc1df850,arc-dsl\solver_scripts\solve_dc1df850.py
task353,dc433765,dc433765,arc-dsl\solver_scripts\solve_dc433765.py
task354,ddf7fa4f,ddf7fa4f,arc-dsl\solver_scripts\solve_ddf7fa4f.py
task355,de1cd16c,de1cd16c,arc-dsl\solver_scripts\solve_de1cd16c.py
task356,ded97339,ded97339,arc-dsl\solver_scripts\solve_ded97339.py
task357,e179c5f4,e179c5f4,arc-dsl\solver_scripts\solve_e179c5f4.py
task358,e21d9049,e21d9049,arc-dsl\solver_scripts\solve_e21d9049.py
task359,e26a3af2,e26a3af2,arc-dsl\solver_scripts\solve_e26a3af2.py
task360,e3497940,e3497940,arc-dsl\solver_scripts\solve_e3497940.py
task361,e40b9e2f,e40b9e2f,arc-dsl\solver_scripts\solve_e40b9e2f.py
task362,e48d4e1a,e48d4e1a,arc-dsl\solver_scripts\solve_e48d4e1a.py
task363,e5062a87,e5062a87,arc-dsl\solver_scripts\solve_e5062a87.py
task364,e509e548,e509e548,arc-dsl\solver_scripts\solve_e509e548.py
task365,e50d258f,e50d258f,arc-dsl\solver_scripts\solve_e50d258f.py
task366,e6721834,e6721834,arc-dsl\solver_scripts\solve_e6721834.py
task367,e73095fd,e73095fd,arc-dsl\solver_scripts\solve_e73095fd.py
task368,e76a88a6,e76a88a6,arc-dsl\solver_scripts\solve_e76a88a6.py
task369,e8593010,e8593010,arc-dsl\solver_scripts\solve_e8593010.py
task370,e8dc4411,e8dc4411,arc-dsl\solver_scripts\solve_e8dc4411.py
task371,e9614598,e9614598,arc-dsl\solver_scripts\solve_e9614598.py
task372,e98196ab,e98196ab,arc-dsl\solver_scripts\solve_e98196ab.py
task373,e9afcf9a,e9afcf9a,arc-dsl\solver_scripts\solve_e9afcf9a.py
task374,ea32f347,ea32f347,arc-dsl\solver_scripts\solve_ea32f347.py
task375,ea786f4a,ea786f4a,arc-dsl\solver_scripts\solve_ea786f4a.py
task376,eb281b96,eb281b96,arc-dsl\solver_scripts\solve_eb281b96.py
task377,eb5a1d5d,eb5a1d5d,arc-dsl\solver_scripts\solve_eb5a1d5d.py
task378,ec883f72,ec883f72,arc-dsl\solver_scripts\solve_ec883f72.py
task379,ecdecbb3,ecdecbb3,arc-dsl\solver_scripts\solve_ecdecbb3.py
task380,ed36ccf7,ed36ccf7,arc-dsl\solver_scripts\solve_ed36ccf7.py
task381,ef135b50,ef135b50,arc-dsl\solver_scripts\solve_ef135b50.py
task382,f15e1fac,f15e1fac,arc-dsl\solver_scripts\solve_f15e1fac.py
task383,f1cefba8,f1cefba8,arc-dsl\solver_scripts\solve_f1cefba8.py
task384,f25fbde4,f25fbde4,arc-dsl\solver_scripts\solve_f25fbde4.py
task385,f25ffba3,f25ffba3,arc-dsl\solver_scripts\solve_f25ffba3.py
task386,f2829549,f2829549,arc-dsl\solver_scripts\solve_f2829549.py
task387,f35d900a,f35d900a,arc-dsl\solver_scripts\solve_f35d900a.py
task388,f5b8619d,f5b8619d,arc-dsl\solver_scripts\solve_f5b8619d.py
task389,f76d97a5,f76d97a5,arc-dsl\solver_scripts\solve_f76d97a5.py
task390,f8a8fe49,f8a8fe49,arc-dsl\solver_scripts\solve_f8a8fe49.py
task391,f8b3ba0a,f8b3ba0a,arc-dsl\solver_scripts\solve_f8b3ba0a.py
task392,f8c80d96,f8c80d96,arc-dsl\solver_scripts\solve_f8c80d96.py
task393,f8ff0b80,f8ff0b80,arc-dsl\solver_scripts\solve_f8ff0b80.py
task394,f9012d9b,f9012d9b,arc-dsl\solver_scripts\solve_f9012d9b.py
task395,fafffa47,fafffa47,arc-dsl\solver_scripts\solve_fafffa47.py
task396,fcb5c309,fcb5c309,arc-dsl\solver_scripts\solve_fcb5c309.py
task397,fcc82909,fcc82909,arc-dsl\solver_scripts\solve_fcc82909.py
task398,feca6190,feca6190,arc-dsl\solver_scripts\solve_feca6190.py
task399,ff28f65a,ff28f65a,arc-dsl\solver_scripts\solve_ff28f65a.py
task400,ff805c23,ff805c23,arc-dsl\solver_scripts\solve_ff805c23.py
